{
    "multipart": [
        {   "when": { "OR":[
			{ "up": "true", "north": "false", "east": "false", "south": "false", "west": "false"},
			
			{ "up": "true", "north": "true", "east": "false", "south": "false", "west": "false"},
			{ "up": "true", "north": "false", "east": "true", "south": "false", "west": "false"},
			{ "up": "true", "north": "false", "east": "false", "south": "true", "west": "false"},
			{ "up": "true", "north": "false", "east": "false", "south": "false", "west": "true"},
			
			{ "up": "true", "north": "true", "east": "true", "south": "false", "west": "false"},
			{ "up": "true", "north": "true", "east": "false", "south": "false", "west": "true"},
			{ "up": "true", "north": "false", "east": "true", "south": "true", "west": "false"},
			{ "up": "true", "north": "false", "east": "false", "south": "true", "west": "true"}
		]},
            "apply": { "model": "block/sandstone_wall_post" }
        },
        {   "when": { "north": "true", "up": "true" },
            "apply": { "model": "block/sandstone_wall_side_half_full", "uvlock": true }
        },
        {   "when": { "east": "true", "up": "true" },
            "apply": { "model": "block/sandstone_wall_side_half_full", "y": 90, "uvlock": true }
        },
        {   "when": { "south": "true", "up": "true" },
            "apply": { "model": "block/sandstone_wall_side_half_full", "y": 180, "uvlock": true }
        },
        {   "when": { "west": "true", "up": "true" },
            "apply": { "model": "block/sandstone_wall_side_half_full", "y": 270, "uvlock": true }
        },
        {   "when": { "north": "true", "up": "false" },
            "apply": { "model": "block/sandstone_wall_side", "uvlock": true }
        },
        {   "when": { "east": "true", "up": "false" },
            "apply": { "model": "block/sandstone_wall_side", "y": 90, "uvlock": true }
        },
        {   "when": { "south": "true", "up": "false" },
            "apply": { "model": "block/sandstone_wall_side", "y": 180, "uvlock": true }
        },
        {   "when": { "west": "true", "up": "false" },
            "apply": { "model": "block/sandstone_wall_side", "y": 270, "uvlock": true }
        }
    ]
}
